max_df	ranking	K	tuning_recall	tuning_mean_candidates	tuning_no_candidates	validation_recall	validation_mean_candidates	validation_no_candidates
100	all	25	0.9014	23.1	45	0.9032	23.2	35
100	all	50	0.9219	42.9	45	0.9222	43.2	35
100	all	100	0.9363	72.7	45	0.9369	73.3	35
100	all	200	0.9423	96.8	45	0.943	97.9	35
100	split	25	0.8809	19.2	45	0.8841	19.3	35
100	split	50	0.9117	37.0	45	0.9127	37.2	35
100	split	100	0.9312	63.4	45	0.9318	64.0	35
100	split	200	0.9416	91.3	45	0.9424	92.2	35
300	all	25	0.914	24.8	6	0.9148	24.8	6
300	all	50	0.9296	49.1	6	0.9301	49.1	6
300	all	100	0.9466	96.4	6	0.9473	96.5	6
300	all	200	0.9598	183.4	6	0.9601	183.7	6
300	split	25	0.8934	21.6	6	0.8953	21.5	6
300	split	50	0.9208	45.4	6	0.9218	45.4	6
300	split	100	0.9409	88.8	6	0.9408	89.0	6
300	split	200	0.9564	166.4	6	0.9569	166.7	6
1000	all	25	0.9266	25.0	0	0.9277	25.0	0
1000	all	50	0.9392	49.9	0	0.9396	50.0	0
1000	all	100	0.9516	99.7	0	0.9522	99.8	0
1000	all	200	0.9623	198.4	0	0.963	198.6	0
1000	split	25	0.9027	22.1	0	0.906	22.0	0
1000	split	50	0.9278	47.5	0	0.9299	47.5	0
1000	split	100	0.9449	96.2	0	0.9461	96.2	0
1000	split	200	0.9594	191.4	0	0.9606	191.4	0
