feature	AUC	direction	separation	missing_%	mean_true	mean_false
block_rank	0.0355	lower = match	0.9289	0.0	3.782	26.995
addr_token_set	0.9509	higher = match	0.9018	1.4	0.94	0.596
addr_tfidf	0.9492	higher = match	0.8983	1.4	0.854	0.345
block_score	0.9491	higher = match	0.8982	0.0	85.847	25.7
block_score_rel	0.9469	higher = match	0.8937	0.0	0.791	0.278
addr_jaccard	0.9452	higher = match	0.8903	1.4	0.716	0.224
num_jaccard	0.9418	higher = match	0.8835	9.8	0.849	0.09
addr_token_sort	0.9258	higher = match	0.8516	1.4	0.875	0.545
addr_token_set_rel	0.9197	higher = match	0.8394	0.0	-0.081	-0.395
addr_ratio	0.8687	higher = match	0.7374	1.4	0.815	0.535
block_score_addr	0.8456	higher = match	0.6913	0.0	57.181	17.887
num_conflict	0.1586	lower = match	0.6827	0.0	0.047	0.73
name_tfidf	0.8408	higher = match	0.6816	0.0	0.808	0.283
num_shared	0.8408	higher = match	0.6815	0.0	1.239	0.22
name_token_sort	0.8379	higher = match	0.6757	0.0	0.826	0.474
num_c_subset	0.8357	higher = match	0.6714	0.0	0.724	0.052
name_ratio	0.8311	higher = match	0.6623	0.0	0.817	0.481
name_jaccard	0.8262	higher = match	0.6524	0.0	0.664	0.211
name_token_set_rel	0.8224	higher = match	0.6448	0.0	-0.114	-0.475
name_token_set	0.822	higher = match	0.644	0.0	0.883	0.519
core_joined_ratio	0.809	higher = match	0.618	0.0	0.854	0.465
core_ratio	0.8045	higher = match	0.609	0.0	0.853	0.474
core_partial	0.8027	higher = match	0.6053	0.0	0.901	0.561
core_token_set	0.8013	higher = match	0.6027	0.0	0.887	0.498
block_score_name	0.7953	higher = match	0.5907	0.0	28.667	7.813
name_len_diff	0.261	lower = match	0.478	0.0	3.438	7.984
name_exact	0.6206	higher = match	0.2412	0.0	0.285	0.044
is_source3	0.6086	higher = match	0.2172	0.0	0.514	0.296
legal_same	0.6067	higher = match	0.2133	0.0	0.388	0.174
legal_conflict	0.4269	lower = match	0.1463	0.0	0.002	0.148
legal_one_missing	0.4283	lower = match	0.1434	0.0	0.283	0.426
addr_c_empty	0.5098	higher = match	0.0196	0.0	0.033	0.013
name_c_foreign_script	0.5038	higher = match	0.0075	0.0	0.059	0.052
n_candidates	0.4993	lower = match	0.0013	0.0	49.941	49.977
